{
  "cluttered_object_sweep": {
    "counterfactual_accuracy_ci95": 0.0043668256968497025,
    "counterfactual_accuracy_mean": 0.9466071428571429,
    "distractor_count": 4.0,
    "distractor_invariance_ci95": 0.0004268010377857747,
    "distractor_invariance_mean": 0.9926996526688825,
    "object_count": 6.0,
    "s2_minus_s3_debt_ci95": 0.005136863947983814,
    "s2_minus_s3_debt_mean": 0.2607254142279756,
    "s2_minus_s3_unlogged_error_ci95": 0.0040008332465458546,
    "s2_minus_s3_unlogged_error_mean": 0.27,
    "s3_better_debt_rate": 1.0,
    "s3_better_gap_auc_rate": 1.0,
    "s3_better_outside_gap_accuracy_rate": 1.0,
    "s3_better_unlogged_error_rate": 1.0,
    "s3_minus_s2_gap_auc_ci95": 0.01750997072768491,
    "s3_minus_s2_gap_auc_mean": 0.5016133638257341,
    "s3_minus_s2_outside_gap_accuracy_ci95": 0.015746950035120676,
    "s3_minus_s2_outside_gap_accuracy_mean": 0.31747123053630677,
    "seed_count": 4.0,
    "target_minus_distractor_mask_drop_ci95": 0.016489668482618656,
    "target_minus_distractor_mask_drop_mean": 0.3823214285714286
  },
  "grid_transition": {
    "planning": {
      "gap_aware": {
        "high_gap_state_rate": 0.0,
        "objective_gap_penalty": 0.5538492180952741,
        "planning_regret_proxy": 1.1527564184120633,
        "success_rate": 0.0,
        "trajectory_count": 6.0,
        "unsafe_state_rate": 0.0
      },
      "vanilla": {
        "high_gap_state_rate": 0.5208333333333334,
        "objective_gap_penalty": 0.0,
        "planning_regret_proxy": 1.082115574833788,
        "success_rate": 0.0,
        "trajectory_count": 6.0,
        "unsafe_state_rate": 0.3333333333333333
      }
    },
    "planning_sweep": {
      "gap_aware_better_high_gap_rate": 1.0,
      "gap_aware_better_unsafe_rate": 1.0,
      "gap_aware_minus_vanilla_success_rate": -0.24999999999999994,
      "target_count": 3.0,
      "trajectory_count": 36.0,
      "vanilla_minus_gap_aware_high_gap_rate": 0.17013888888888887,
      "vanilla_minus_gap_aware_risk_adjusted_cost": 0.23356399372483883,
      "vanilla_minus_gap_aware_unsafe_rate": 0.10416666666666667
    },
    "source": {
      "name": "grid-pixel-hazard-world",
      "observation": "grid-pixel",
      "test_count": 900.0,
      "train_count": 1800.0,
      "transition_model": "linear-action-conditioned"
    },
    "systems": {
      "S0": {
        "approx_identifiability_proxy": 0.7272040004961855,
        "bedc_debt_score": 0.11075396825396826,
        "certified_coverage": 1.0,
        "changes_training_objective": 0.0,
        "covariance_deviation": 10.924489165951167,
        "distinction_accuracy": 0.9833333333333333,
        "distinction_accuracy_outside_gap": 0.9987080103359173,
        "false_claim_rate_inside_gap": 0.007936507936507936,
        "gap_detection_auc": 0.5,
        "linear_identifiability_r2": 0.9997752591035226,
        "orthogonality_error": 10.010794876725729,
        "system_name": "pixel-latent-transition",
        "unlogged_error_rate": 0.016666666666666666
      },
      "S1": {
        "approx_identifiability_proxy": 0.7272040004961855,
        "bedc_debt_score": 0.11075396825396826,
        "certified_coverage": 1.0,
        "changes_training_objective": 0.0,
        "covariance_deviation": 10.924489165951167,
        "distinction_accuracy": 0.9833333333333333,
        "distinction_accuracy_outside_gap": 0.9987080103359173,
        "false_claim_rate_inside_gap": 0.007936507936507936,
        "gap_detection_auc": 0.5,
        "linear_identifiability_r2": 0.9997752591035226,
        "orthogonality_error": 10.010794876725729,
        "system_name": "posthoc-grid-probe",
        "unlogged_error_rate": 0.016666666666666666
      },
      "S2": {
        "approx_identifiability_proxy": 0.7272040004961855,
        "bedc_debt_score": 0.02955893933800912,
        "certified_coverage": 0.98,
        "changes_training_objective": 0.0,
        "covariance_deviation": 10.924489165951167,
        "distinction_accuracy": 0.9833333333333333,
        "distinction_accuracy_outside_gap": 0.9987080103359173,
        "false_claim_rate_inside_gap": 0.007936507936507936,
        "gap_detection_auc": 0.8926418112464624,
        "linear_identifiability_r2": 0.9997752591035226,
        "orthogonality_error": 10.010794876725729,
        "system_name": "posthoc-grid-report",
        "unlogged_error_rate": 0.01
      },
      "S3": {
        "approx_identifiability_proxy": 0.8800062922353374,
        "bedc_debt_score": 0.00957854476846725,
        "certified_coverage": 0.8555555555555555,
        "changes_training_objective": 1.0,
        "covariance_deviation": 0.9258593209292322,
        "distinction_accuracy": 0.9833333333333333,
        "distinction_accuracy_outside_gap": 0.9987080103359173,
        "false_claim_rate_inside_gap": 0.007936507936507936,
        "gap_detection_auc": 0.9992104507608384,
        "linear_identifiability_r2": 0.9996966237225415,
        "orthogonality_error": 0.015831665484200275,
        "system_name": "trained-grid-bedc-jepa",
        "unlogged_error_rate": 0.0011111111111111111
      }
    },
    "transition": {
      "mean_l2_error": 0.02198331164763621,
      "one_step_r2": 0.9982366749839607
    }
  },
  "minigrid_visual_planning": {
    "planning": {
      "gap_aware_better_high_gap_rate": 1.0,
      "gap_aware_minus_vanilla_success_rate": -0.3055555555555556,
      "target_count": 3.0,
      "trajectory_count": 36.0,
      "vanilla_minus_gap_aware_high_gap_rate": 0.2027777777777778,
      "vanilla_minus_gap_aware_risk_adjusted_cost": 0.3134940677118583,
      "vanilla_minus_gap_aware_unsafe_rate": 0.07222222222222222
    },
    "source": {
      "layout": "two-room-door-hazard",
      "name": "minigrid-style-visual-planning",
      "observation": "minigrid-style-one-hot-image",
      "test_count": 900.0,
      "train_count": 2600.0
    },
    "systems": {
      "S2": {
        "approx_identifiability_proxy": 0.7361525398765196,
        "bedc_debt_score": 0.08569171477098957,
        "certified_coverage": 1.0,
        "changes_training_objective": 0.0,
        "covariance_deviation": 17.946308320030596,
        "distinction_accuracy": 1.0,
        "distinction_accuracy_outside_gap": 1.0,
        "false_claim_rate_inside_gap": 0.0,
        "gap_detection_auc": 0.5715414261450522,
        "linear_identifiability_r2": 1.0,
        "orthogonality_error": 1.0123468985917952,
        "system_name": "posthoc-minigrid-report",
        "unlogged_error_rate": 0.0
      },
      "S3": {
        "approx_identifiability_proxy": 0.7442773025146455,
        "bedc_debt_score": 0.01616666666666667,
        "certified_coverage": 0.6766666666666666,
        "changes_training_objective": 1.0,
        "covariance_deviation": 4.5905078839738085,
        "distinction_accuracy": 1.0,
        "distinction_accuracy_outside_gap": 1.0,
        "false_claim_rate_inside_gap": 0.0,
        "gap_detection_auc": 1.0,
        "linear_identifiability_r2": 1.0,
        "orthogonality_error": 0.022890789941418112,
        "system_name": "trained-minigrid-bedc-jepa",
        "unlogged_error_rate": 0.0
      }
    },
    "transition": {
      "one_step_accuracy": 1.0
    }
  },
  "multi_object_distractor": {
    "object_masking": {
      "distractor_mask_accuracy_drop": 0.010000000000000009,
      "target_mask_accuracy_drop": 0.3833333333333333
    },
    "source": {
      "distractor_count": 2,
      "name": "four-object-distractor-contact-world",
      "object_count": 4,
      "observation": "four-object-pixel-slots",
      "query": "target-pair-counterfactual-contact-after-action",
      "target_pair": "object-a-object-b",
      "test_count": 1200.0,
      "test_seed": 808.0,
      "train_count": 2800.0,
      "train_seed": 707.0
    },
    "systems": {
      "S2": {
        "approx_identifiability_proxy": 0.7361261112911527,
        "bedc_debt_score": 0.2849448355741279,
        "certified_coverage": 0.8408333333333333,
        "changes_training_objective": 0.0,