{
  "grid_transition": {
    "planning": {
      "gap_aware": {
        "high_gap_state_rate": 0.0,
        "objective_gap_penalty": 0.5538492180952741,
        "planning_regret_proxy": 1.1527564184120633,
        "success_rate": 0.0,
        "trajectory_count": 6.0,
        "unsafe_state_rate": 0.0
      },
      "vanilla": {
        "high_gap_state_rate": 0.5208333333333334,
        "objective_gap_penalty": 0.0,
        "planning_regret_proxy": 1.082115574833788,
        "success_rate": 0.0,
        "trajectory_count": 6.0,
        "unsafe_state_rate": 0.3333333333333333
      }
    },
    "source": {
      "name": "grid-pixel-hazard-world",
      "observation": "grid-pixel",
      "test_count": 900.0,
      "train_count": 1800.0,
      "transition_model": "linear-action-conditioned"
    },
    "systems": {
      "S0": {
        "approx_identifiability_proxy": 0.7272040004961855,
        "bedc_debt_score": 0.11075396825396826,
        "certified_coverage": 1.0,
        "changes_training_objective": 0.0,
        "covariance_deviation": 10.924489165951167,
        "distinction_accuracy": 0.9833333333333333,
        "distinction_accuracy_outside_gap": 0.9987080103359173,
        "false_claim_rate_inside_gap": 0.007936507936507936,
        "gap_detection_auc": 0.5,
        "linear_identifiability_r2": 0.9997752591035226,
        "orthogonality_error": 10.010794876725729,
        "system_name": "pixel-latent-transition",
        "unlogged_error_rate": 0.016666666666666666
      },
      "S1": {
        "approx_identifiability_proxy": 0.7272040004961855,
        "bedc_debt_score": 0.11075396825396826,
        "certified_coverage": 1.0,
        "changes_training_objective": 0.0,
        "covariance_deviation": 10.924489165951167,
        "distinction_accuracy": 0.9833333333333333,
        "distinction_accuracy_outside_gap": 0.9987080103359173,
        "false_claim_rate_inside_gap": 0.007936507936507936,
        "gap_detection_auc": 0.5,
        "linear_identifiability_r2": 0.9997752591035226,
        "orthogonality_error": 10.010794876725729,
        "system_name": "posthoc-grid-probe",
        "unlogged_error_rate": 0.016666666666666666
      },
      "S2": {
        "approx_identifiability_proxy": 0.7272040004961855,
        "bedc_debt_score": 0.02955893933800912,
        "certified_coverage": 0.98,
        "changes_training_objective": 0.0,
        "covariance_deviation": 10.924489165951167,
        "distinction_accuracy": 0.9833333333333333,
        "distinction_accuracy_outside_gap": 0.9987080103359173,
        "false_claim_rate_inside_gap": 0.007936507936507936,
        "gap_detection_auc": 0.8926418112464624,
        "linear_identifiability_r2": 0.9997752591035226,
        "orthogonality_error": 10.010794876725729,
        "system_name": "posthoc-grid-report",
        "unlogged_error_rate": 0.01
      },
      "S3": {
        "approx_identifiability_proxy": 0.8800062922353374,
        "bedc_debt_score": 0.00957854476846725,
        "certified_coverage": 0.8555555555555555,
        "changes_training_objective": 1.0,
        "covariance_deviation": 0.9258593209292322,
        "distinction_accuracy": 0.9833333333333333,
        "distinction_accuracy_outside_gap": 0.9987080103359173,
        "false_claim_rate_inside_gap": 0.007936507936507936,
        "gap_detection_auc": 0.9992104507608384,
        "linear_identifiability_r2": 0.9996966237225415,
        "orthogonality_error": 0.015831665484200275,
        "system_name": "trained-grid-bedc-jepa",
        "unlogged_error_rate": 0.0011111111111111111
      }
    },
    "transition": {
      "mean_l2_error": 0.02198331164763621,
      "one_step_r2": 0.9982366749839607
    }
  },
  "planning": {
    "gap_aware": {
      "high_gap_state_rate": 0.015625,
      "objective_gap_penalty": 1.5179771998706932,
      "planning_regret_proxy": 0.1280872305445963,
      "success_rate": 1.0,
      "trajectory_count": 8.0,
      "unsafe_state_rate": 0.015625
    },
    "vanilla": {
      "high_gap_state_rate": 0.109375,
      "objective_gap_penalty": 0.0,
      "planning_regret_proxy": 0.12342304311996832,
      "success_rate": 1.0,
      "trajectory_count": 8.0,
      "unsafe_state_rate": 0.109375
    }
  },
  "run_id": "bedc-jepa-four-system-boundary-world-seed-101-202",
  "seed_sweep": {
    "aggregate": {
      "s2_minus_s3_debt_ci95": 0.0054058060870041886,
      "s2_minus_s3_debt_mean": 0.011946849590462083,
      "s2_minus_s3_unlogged_error_ci95": 0.006128405154266169,
      "s2_minus_s3_unlogged_error_mean": 0.022867838541666668,
      "s3_better_debt_rate": 0.8125,
      "s3_better_gap_auc_rate": 0.8125,
      "s3_better_unlogged_error_rate": 1.0,
      "s3_minus_s2_gap_auc_ci95": 0.013290688893588908,
      "s3_minus_s2_gap_auc_mean": 0.02199417633772709,
      "seed_count": 16.0,
      "world_count": 2.0
    },
    "worlds": {
      "radial-boundary": {
        "s2_minus_s3_debt_ci95": 0.004789964538075636,
        "s2_minus_s3_debt_mean": 0.020436149951590273,
        "s2_minus_s3_unlogged_error_ci95": 0.00559211442787199,
        "s2_minus_s3_unlogged_error_mean": 0.030110677083333332,
        "s3_better_debt_rate": 1.0,
        "s3_better_gap_auc_rate": 1.0,
        "s3_better_unlogged_error_rate": 1.0,
        "s3_minus_s2_gap_auc_ci95": 0.012518283680824431,
        "s3_minus_s2_gap_auc_mean": 0.040413171632951356,
        "seed_count": 8.0
      },
      "sinusoidal-boundary": {
        "s2_minus_s3_debt_ci95": 0.004816064025705418,
        "s2_minus_s3_debt_mean": 0.003457549229333893,
        "s2_minus_s3_unlogged_error_ci95": 0.008491739884579666,
        "s2_minus_s3_unlogged_error_mean": 0.015624999999999998,
        "s3_better_debt_rate": 0.625,
        "s3_better_gap_auc_rate": 0.625,
        "s3_better_unlogged_error_rate": 1.0,
        "s3_minus_s2_gap_auc_ci95": 0.015098356704927832,
        "s3_minus_s2_gap_auc_mean": 0.0035751810425028244,
        "seed_count": 8.0
      }
    }
  },
  "source": {
    "gap_width": 0.14,
    "name": "boundary-gated-ou-world",
    "radius": 1.0,
    "rho": 0.84,
    "test_count": 768.0,
    "train_count": 1536.0
  },
  "systems": {
    "S0": {
      "approx_identifiability_proxy": 0.8770432505592619,
      "bedc_debt_score": 0.14440104166666667,
      "certified_coverage": 1.0,
      "changes_training_objective": 0.0,
      "covariance_deviation": 0.13120449726078348,
      "distinction_accuracy": 0.9192708333333334,
      "distinction_accuracy_outside_gap": 0.9434229137199435,
      "false_claim_rate_inside_gap": 0.0,
      "gap_detection_auc": 0.5,
      "linear_identifiability_r2": 0.9261989923698761,
      "orthogonality_error": 0.13102071861206535,
      "system_name": "latent-jepa-style",
      "unlogged_error_rate": 0.08072916666666667
    },
    "S1": {
      "approx_identifiability_proxy": 0.8770432505592619,
      "bedc_debt_score": 0.14440104166666667,
      "certified_coverage": 1.0,
      "changes_training_objective": 0.0,
      "covariance_deviation": 0.13120449726078348,
      "distinction_accuracy": 0.9192708333333334,
      "distinction_accuracy_outside_gap": 0.9434229137199435,
      "false_claim_rate_inside_gap": 0.0,
      "gap_detection_auc": 0.5,
      "linear_identifiability_r2": 0.9261989923698761,
      "orthogonality_error": 0.13102071861206535,
      "system_name": "posthoc-probe",
      "unlogged_error_rate": 0.08072916666666667
    },
    "S2": {
      "approx_identifiability_proxy": 0.8770432505592619,
      "bedc_debt_score": 0.0564479150363075,
      "certified_coverage": 0.8776041666666666,
      "changes_training_objective": 0.0,
      "covariance_deviation": 0.13120449726078348,
      "distinction_accuracy": 0.9192708333333334,
      "distinction_accuracy_outside_gap": 0.9434229137199435,
      "false_claim_rate_inside_gap": 0.0,
      "gap_detection_auc": 0.8450390706517958,
      "linear_identifiability_r2": 0.9261989923698761,
      "orthogonality_error": 0.13102071861206535,
      "system_name": "posthoc-bedc-report",